id,first_name,last_name,email,years_experience,job_applied_for,highest_ed,date_applied
1001,Margaux,Monkley,mmonkley0@samsung.com,13,Business Systems Development Analyst,16,2022-03-14
1002,Devan,Wrathmall,dwrathmall1@goo.gl,16,Safety Technician IV,13,2022-06-07
1003,King,Ygou,kygou2@ehow.com,11,Administrative Assistant II,13,2021-08-07
1004,Giffard,Cockitt,gcockitt3@pcworld.com,13,Chief Design Engineer,14,2022-06-11
1005,Gianina,Mowatt,gmowatt4@gmpg.org,3,Nurse,13,2022-05-20
1006,Gus,Borham,gborham5@macromedia.com,8,Tax Accountant,14,2022-06-17
1007,Beverlee,Knath,bknath6@apple.com,10,Accounting Assistant I,13,2022-01-09
1008,Dale,Wingatt,dwingatt7@utexas.edu,19,Internal Auditor,16,2022-03-08
1009,Bing,Causier,bcausier8@theguardian.com,3,Account Executive,16,2022-03-05
1010,Alecia,Pointin,apointin9@ebay.com,8,Speech Pathologist,15,2022-06-18
